Category,Product Name,Price
,,
Super Savers - ALDI Australia,"
					Berg Short Cut Bacon Spiced with Tabasco® Sauce Flavour 200g 
				",$3.49
,,
Super Savers - ALDI Australia,"
					The Fishmonger Salmon Gravlax 250g 
				",$7.99
,,
Super Savers - ALDI Australia,"
					Specially Selected Prawn, Scallop & Lobster Bisque Pots 2pk/240g 
				",$9.99
,,
Super Savers - ALDI Australia,"
					Specially Selected Wagyu Beef Meatballs 420g 
				",$5.99
,,
Super Savers - ALDI Australia,"
					Three Aussie Farmers BBQ Pork Ribs per kg 
				",$16.99
,,
Super Savers - ALDI Australia,"
					Jindurra Station 3 Star Beef Mince per kg 
				",$9.99
,,
Super Savers - ALDI Australia,"
					The Fishmonger Garlic Prawns 280g 
				",$7.99
,,
Super Savers - ALDI Australia,"
					Brannans Butchery Chicken Drumsticks Honey Soy 1.5kg 
				",$5.99
,,
Super Savers - ALDI Australia,"
					Yoguri Yogurt 170g 
				",99
,,
Super Savers - ALDI Australia,"
					Monarc Utopia 4pk/428ml 
				",$2.99
,,
Super Savers - ALDI Australia,"
					Choceur Milk Chocolate Block 200g  
				",$1.99
,,
Super Savers - ALDI Australia,"
					Moser Roth Dark Chocolate Bars 125g 
				",$1.99
,,
Super Savers - ALDI Australia,"
					Bakers Life Croissants 3pk/189g  
				",$1.99
,,
Super Savers - ALDI Australia,"
					Specially Selected Brioche Burger Buns 4pk/200g  
				",$1.99
,,
Super Savers - ALDI Australia,"
					Has No Gluten Free Biscuits 180g  
				",$2.29
,,
Super Savers - ALDI Australia,"
					Has No Gluten Free Coconut Macaroons 160g 
				",$1.99
,,
Super Savers - ALDI Australia,"
					Hillcrest Premium Muesli Bars 6pk/270g  
				",$2.99
,,
Super Savers - ALDI Australia,"
					Nescafé Blend 43 Instant Coffee 375g 
				",$11.99
,,
Super Savers - ALDI Australia,"
					Almat Laundry Liquid Concentrate 2L 
				",$3.99
,,
Dairy & Eggs - ALDI Australia,"
					Farmdale Lactose Free Full Cream Milk 1L 
				",$1.99
,,
Dairy & Eggs - ALDI Australia,"
					Farmdale RAM Coffee Flavoured Milk 2L 
				",$3.49
,,
Dairy & Eggs - ALDI Australia,"
					Farmdale RAM Chocolate Flavoured Milk 600ml 
				",$1.99
,,
Dairy & Eggs - ALDI Australia,"
					Farmdale RAM Iced coffee Flavoured Milk 600ml 
				",$1.99
,,
Dairy & Eggs - ALDI Australia,"
					Farmdale Full Cream Milk Powder 1kg 
				",$5.69
,,
Dairy & Eggs - ALDI Australia,"
					Farmdale Skim Milk Powder 1kg 
				",$5.69
,,
Dairy & Eggs - ALDI Australia,"
					Lodge Farm Free Range Eggs 12 Pack 600g 
				",$3.99
,,
Dairy & Eggs - ALDI Australia,"
					Lodge Farm Free Range Eggs 12 Pack 700g 
				",$4.29
,,
Dairy & Eggs - ALDI Australia,"
					Just Organic Free Range Eggs 6 Pack 300g  
				",$3.99
,,
Dairy & Eggs - ALDI Australia,"
					Beautifully Butterfully Dairy Blend 500g 
				",$3.49
,,
Dairy & Eggs - ALDI Australia,"
					Just Organic Butter 250g 
				",$3.59
,,
Dairy & Eggs - ALDI Australia,"
					Beautifully Butterfully Butter 250g 
				",$2.79
,,
Dairy & Eggs - ALDI Australia,"
					Beautifully Butterfully Unsalted Butter 250g 
				",$2.79
,,
Dairy & Eggs - ALDI Australia,"
					Emporium Selection Ash Brie 150g 
				",$4.49
,,
Dairy & Eggs - ALDI Australia,"
					Emporium Selection Australian Washed Rind Cheese 125g 
				",$3.49
,,
Dairy & Eggs - ALDI Australia,"
					Emporium Selection Double Cream Camembert 200g 
				",$4.49
,,
Dairy & Eggs - ALDI Australia,"
					Emporium Selection Triple Cream Brie 200g 
				",$4.49
,,
Dairy & Eggs - ALDI Australia,"
					Emporium Selection Camembert 125g 
				",$2.79
,,
Dairy & Eggs - ALDI Australia,"
					Emporium Selection Brie 125g 
				",$2.79
,,
Dairy & Eggs - ALDI Australia,"
					Emporium Selection Persian Fetta Cheese 180g - Classic 
				",$3.99
,,
Dairy & Eggs - ALDI Australia,"
					Emporium Selection Danish Style Fetta Cheese 200g 
				",$2.69
,,
Dairy & Eggs - ALDI Australia,"
					Emporium Selection Greek Style Fetta Cheese 200g 
				",$2.69
,,
Dairy & Eggs - ALDI Australia,"
					Emporium Selection Cheddar Cheese Aged 20 Months 250g 
				",$3.99
,,
Dairy & Eggs - ALDI Australia,"
					Westacre Colby Cheese Block 500g 
				",$5.49
,,
Dairy & Eggs - ALDI Australia,"
					Cowbelle Original Cheese Slices 24pk/500g 
				",$3.69
,,
Dairy & Eggs - ALDI Australia,"
					Cowbelle Light Cheese Slices 24pk/500g 
				",$3.69
,,
Dairy & Eggs - ALDI Australia,"
					Westacre Vintage Cheese Slices 12pk/250g 
				",$3.99
,,
Dairy & Eggs - ALDI Australia,"
					Westacre Tasty Cheese Slices 12pk/250g 
				",$3.99
,,
Dairy & Eggs - ALDI Australia,"
					Manhattan Cottage Cheese 500g 
				",$3.79
,,
Dairy & Eggs - ALDI Australia,"
					Emporium Selection Smooth Ricotta 375g 
				",$2.69
,,
Dairy & Eggs - ALDI Australia,"
					Emporium Selection Apricot & Almond Cream Cheese 200g 
				",$2.79
,,
Dairy & Eggs - ALDI Australia,"
					Emporium Selection Spring Onion & Chives Cream Cheese 200g 
				",$2.79
,,
Dairy & Eggs - ALDI Australia,"
					Farmdale Thickened Cream 600ml 
				",$2.99
,,
Dairy & Eggs - ALDI Australia,"
					Farmdale Thickened Light Cream 300ml 
				",$1.89
,,
Dairy & Eggs - ALDI Australia,"
					Farmdale Double Cream 300ml 
				",$3.69
,,
Dairy & Eggs - ALDI Australia,"
					Farmdale Sour Cream 300ml 
				",$2.09
,,
Dairy & Eggs - ALDI Australia,"
					Farmdale Light Sour Cream 300ml 
				",$2.09
,,
Dairy & Eggs - ALDI Australia,"
					Lyttos Greek Style Natural Yogurt 2kg 
				",$8.79
,,
Dairy & Eggs - ALDI Australia,"
					Brooklea Joi Mango Yogurt 1kg 
				",$3.29
,,
Dairy & Eggs - ALDI Australia,"
					Brooklea Joi Mixed Berry Yogurt 1kg 
				",$3.29
,,
Dairy & Eggs - ALDI Australia,"
					Brooklea Family Lite Yoghurt 1kg 
				",$3
,,
Dairy & Eggs - ALDI Australia,"
					Just Organic Natural Yogurt 1kg 
				",$4.99
,,
Dairy & Eggs - ALDI Australia,"
					Just Organic Vanilla Bean Yogurt 1kg 
				",$4.99
,,
Dairy & Eggs - ALDI Australia,"
					Dairy Dream Blueberry Fruit Swirled Yogurt 720g 
				",$4.29
,,
Dairy & Eggs - ALDI Australia,"
					Dairy Dream Greek Style Yogurt No Added Sugar 750g   
				",$4.99
,,
Dairy & Eggs - ALDI Australia,"
					Dairy Dream Greek Style Passionfruit 4 x 115g 
				",$3.19
,,
Dairy & Eggs - ALDI Australia,"
					Brooklea Joi Deluxe Yogurt Classics 6 x 150g 
				",$3.49
,,
Dairy & Eggs - ALDI Australia,"
					Brooklea Yogurt Squishies 70g 
				",69
,,
Dairy & Eggs - ALDI Australia,"
					Brooklea Stampede Chocolate Dairy Snack 12 x 100g 
				",$4.29
,,
Dairy & Eggs - ALDI Australia,"
					Food Envy Chocolate Mousse 2 x 62g 
				",$2.29
,,
Dairy & Eggs - ALDI Australia,"
					Food Envy Chocolate Mousse with Salted Caramel 2 x 62g 
				",$2.29
,,
Dairy & Eggs - ALDI Australia,"
					Food Envy Crème Caramel 2 x 150g 
				",$1.99
,,
Dairy & Eggs - ALDI Australia,"
					Brooklea Vanilla Custard 1kg 
				",$2.99
,,
Nappies and wipes - ALDI Australia,"
					MAMIA® Unisex Newborn Nappies 
				",$3.99
,,
Nappies and wipes - ALDI Australia,"
					MAMIA® Unisex Infant Nappies 
				",$9.99
,,
Nappies and wipes - ALDI Australia,"
					MAMIA® Unisex Crawler Nappies 
				",$9.99
,,
Nappies and wipes - ALDI Australia,"
					MAMIA® Unisex Toddler Nappies 
				",$9.99
,,
Nappies and wipes - ALDI Australia,"
					MAMIA® Unisex Walker Nappies 
				",$9.99
,,
Nappies and wipes - ALDI Australia,"
					MAMIA® Unisex Junior Nappies 
				",$9.99
,,
Nappies and wipes - ALDI Australia,"
					Mamia Baby Wipes 80pk Scented 
				",$1.89
,,
Nappies and wipes - ALDI Australia,"
					Mamia Baby Wipes 80pk Fragrance Free 
				",$1.89
,,
Nappies and wipes - ALDI Australia,"
					Mamia Premium Baby Wipes Fragrance Free 240pk 
				",$7.69
,,
Nappies and wipes - ALDI Australia,"
					Mamia Baby Wipes 480pk Fragance free 
				",$8.99
,,
Nappies and wipes - ALDI Australia,"
					Mamia Baby Wipes Embossed Fragrance Free 80pk 
				",$2.69
,,
Nappies and wipes - ALDI Australia,"
					Mamia Baby Wipes Embossed Scented 80pk 
				",$2.69
,,
Baby food - ALDI Australia,"
					Mamia Baby Fruit 4 Months+ 120g    
				",89
,,
Baby food - ALDI Australia,"
					Mamia Baby’s First Breakfast 4mth+ Fruit & Cereal   
				",89
,,
Baby food - ALDI Australia,"
					Mamia Baby’s First Breakfast 6mth+ Porridge   
				",89
,,
Baby food - ALDI Australia,"
					Mamia Baby’s First Breakfast 6mth+ Muesli   
				",89
,,
Baby food - ALDI Australia,"
					Mamia Organic Baby Fruit 4 Months+ 120g 
				",$1.29
,,
Baby food - ALDI Australia,"
					Mamia Baby Food Desserts 6 Months+ 120g  
				",89
,,
Baby food - ALDI Australia,"
					Mamia Premium Baby Food 6+ Months 120g 
				",89
,,
Baby food - ALDI Australia,"
					Mamia Fruit Snack Cereal Bars Apple 12+ months 128g   
				",$2.79
,,
Baby food - ALDI Australia,"
					Mamia Fruit Snack Cereal Bars Pear & Banana 12+ months 128g   
				",$2.79
,,
Baby food - ALDI Australia,"
					Mamia Fruit & Oat Bars 90g - Strawberry 12+ Months 
				",$2.99
,,
Baby food - ALDI Australia,"
					Mamia Fruit & Oat Bars 90g - Apple & Raisin with Yogurt 12+ Months 
				",$2.99
,,
Baby food - ALDI Australia,"
					Mamia Fruit & Oat Bars 90g - Apricot 12+ Months 
				",$2.99
,,
Baby food - ALDI Australia,"
					Mamia Organic Apple Mini Rice Cakes 40g 
				",$2.49
,,
Baby food - ALDI Australia,"
					Mamia Organic Raspberry Mini Rice Cakes 40g 
				",$2.49
,,
Baby food - ALDI Australia,"
					Mamia Infant Formula Toddler Step 3 900g 
				",$12.99
,,
Beauty - ALDI Australia,"
					LACURA® Essentials BB Cream SPF 15 50ml 
				",$7.99
,,
Beauty - ALDI Australia,"
					LACURA® Essentials Purify Exfoliating Wash 150ml 
				",$3.79
,,
Beauty - ALDI Australia,"
					LACURA® Essentials Caring Cleansing Gel 150ml 
				",$3.79
,,
Beauty - ALDI Australia,"
					LACURA® Essentials Fine Balance Foaming Cleansing Gel 150ml 
				",$3.79
,,
Beauty - ALDI Australia,"
					LACURA® Essentials Fine Balance Cleansing Wipes 30pk    
				",$1.69
,,
Beauty - ALDI Australia,"
					LACURA® Essentials Caring Cleansing Wipes 30pk       
				",$1.69
,,
Beauty - ALDI Australia,"
					LACURA® Essentials Make Up Rounds 80pk       
				",$1.39
,,
Beauty - ALDI Australia,"
					LACURA® Essentials Cotton Tips 240pk    
				",99
,,
Beauty - ALDI Australia,"
					LACURA® Essentials Women's Comfort Touch 3 Blade Disposable Razors 8pk      
				",$3.99
,,
Beauty - ALDI Australia,"
					LACURA® Skin Science Renew Expert Double Effect Eye Gel 15ml    
				",$9.99
,,
Beauty - ALDI Australia,"
					LACURA® Skin Science Renew Expert Wrinkle Smoother 15ml     
				",$9.99
,,
Beauty - ALDI Australia,"
					LACURA® Skin Science Renew Day Cream SPF 15 50ml 
				",$7.99
,,
Beauty - ALDI Australia,"
					LACURA® Skin Science Renew Night Cream 50ml 
				",$7.99
,,
Beauty - ALDI Australia,"
					LACURA® Skin Science Renew Serum 50ml 
				",$7.99
,,
Beauty - ALDI Australia,"
					LACURA® Skin Science Renew Expert Day Cream SPF 15 50ml   
				",$10.99
,,
Beauty - ALDI Australia,"
					LACURA® Skin Science Renew Expert Night Cream SPF 15 50ml   
				",$10.99
,,
Beauty - ALDI Australia,"
					LACURA® Essentials Renew Cleansing Wipes 30pk        
				",$1.69
,,
Beauty - ALDI Australia,"
					LACURA® Skin Science Revive Hyaluronic Gel 30ml 
				",$10.99
,,
Beauty - ALDI Australia,"
					LACURA® Skin Science Revive Night Elixir 30ml   
				",$10.99
,,
Beauty - ALDI Australia,"
					LACURA® Skin Science Revive Moisture Boost 15ml 
				",$10.99
,,
Beauty - ALDI Australia,"
					LACURA® Skin Science Revitalise Expert Day Cream 50ml 
				",$10.99
,,
Beauty - ALDI Australia,"
					LACURA® Skin Science Revitalise Expert Neck & Décolleté Serum 50ml 
				",$10.99
,,
Beauty - ALDI Australia,"
					LACURA® Skin Science Revitalise Expert Eye Cream 15ml 
				",$10.99
,,
Beauty - ALDI Australia,"
					LACURA® Skin Science Revitalise Day Cream with Soy for Mature Skin 50ml 
				",$7.99
,,
Beauty - ALDI Australia,"
					LACURA® Skin Science Revitalise Night Cream with Soy for Mature Skin 50ml 
				",$7.99
,,
Beauty - ALDI Australia,"
					LACURA® Skin Science Revitalise Multi Intensive Serum for Mature Skin 50ml 
				",$7.99
,,
Beauty - ALDI Australia,"
					LACURA® Essentials Revitalise Cleansing Wipes 30pk      
				",$1.69
,,
Beauty - ALDI Australia,"
					LACURA® Naturals Revitalising Facial Foaming Cleanser 150ml   
				",$5.99
,,
Beauty - ALDI Australia,"
					LACURA® Naturals Pore Cleansing Clarifying Facial Scrub 150ml   
				",$5.99
,,
Beauty - ALDI Australia,"
					LACURA® Naturals Invigorating Exfoliating Facial Scrub 150ml   
				",$5.99
,,
Beauty - ALDI Australia,"
					LACURA® Naturals Anti-Aging Day Cream with Liquorice Extract Oil & Silk Protein 50ml   
				",$7.99
,,
Beauty - ALDI Australia,"
					LACURA® Naturals Anti-Aging Night Cream with Rice Bran Oil & Silk Protein 50ml    
				",$7.99
,,
Beauty - ALDI Australia,"
					LACURA® Naturals Anti-Aging Serum with Ginger Extract & Silk Protein 30ml     
				",$7.99
,,
Beauty - ALDI Australia,"
					LACURA® Naturals Anti-Aging Eye Cream with Tiger Grass & Silk Protein 15ml      
				",$7.99
,,
Beauty - ALDI Australia,"
					LACURA® Beauty Long Lasting Duo Lipstick    
				",$6.99
,,
Beauty - ALDI Australia,"
					LACURA® Beauty Long Lasting Compact Powder 10g   
				",$5.99
,,
Beauty - ALDI Australia,"
					LACURA® Beauty Long Lasting Compact Blush 4.5g        
				",$5.99
,,
Beauty - ALDI Australia,"
					LACURA® Beauty Foundation with Sunscreen   
				",$4.99
,,
Beauty - ALDI Australia,"
					LACURA® Beauty Face Primer 3 in 1    
				",$4.99
,,
Beauty - ALDI Australia,"
					LACURA® Beauty 24hr Mascara – Waterproof 11.6ml or Volume 11.9ml  
				",$6.99
,,
Beauty - ALDI Australia,"
					LACURA® Retractable Eyeliner or Eyebrow Pencil 0.3g 
				",$4.99
,,
Freezer - ALDI Australia,"
					Market Fare Corn Cobs 1kg 
				",0
,,
Freezer - ALDI Australia,"
					Market Fare Corn Kernels 1kg 
				",$2.49
,,
Freezer - ALDI Australia,"
					Market Fare Garden Peas 1kg 
				",$1.99
,,
Freezer - ALDI Australia,"
					Market Fare Baby Peas 1kg 
				",$2.99
,,
Freezer - ALDI Australia,"
					Market Fare Peas, Carrots & Corn 1kg 
				",$2.79
,,
Freezer - ALDI Australia,"
					Market Fare Green Beans 1kg 
				",$1.99
,,
Freezer - ALDI Australia,"
					Market Fare Broccoli 500g 
				",$2.29
,,
Freezer - ALDI Australia,"
					Market Fare Spinach 250g 
				",89
,,
Freezer - ALDI Australia,"
					Market Fare Zucchini Noodles 340g 
				",$3.49
,,
Freezer - ALDI Australia,"
					Market Fare Winter Vegetables 1kg 
				",$2.79
,,
Freezer - ALDI Australia,"
					Market Fare Stir Fry Vegetables 850g 
				",$2.99
,,
Freezer - ALDI Australia,"
					Market Fare Cauliflower or Broccoli Bake 800g 
				",$4.99
,,
Freezer - ALDI Australia,"
					The Best Margherita Pizza Ever 365g 
				",$4.99
,,
Freezer - ALDI Australia,"
					International Cuisine Supreme Family Pizza 500g 
				",$2.99
,,
Freezer - ALDI Australia,"
					International Cuisine Beef Lasagne 2kg 
				",$7.99
,,
Freezer - ALDI Australia,"
					Simply Super Korean BBQ Beef or Chicken Risotto Bowl 350g 
				",$4.49
,,
Freezer - ALDI Australia,"
					Urban Eats Family Dumpling 20pk/625g 
				",$9.99
,,
Freezer - ALDI Australia,"
					Urban Eats Roti Chanai 6pk/360g 
				",$2.99
,,
Freezer - ALDI Australia,"
					Orchard & Vine Blueberries 500g 
				",$3.69
,,
Freezer - ALDI Australia,"
					Yoconut Frozen Dessert 475ml 
				",$4.99
,,
Freezer - ALDI Australia,"
					Kenny’s Frozen Dessert 475ml 
				",$4.99
,,
Health - ALDI Australia,"
					Dentitex Advanced Whitening Toothpaste 
				",$1.79
,,
Health - ALDI Australia,"
					Dentitex Sensitive Plus Whitening Toothpaste  
				",$4.49
,,
Health - ALDI Australia,"
					Dentitex Interdental Pro Toothbrush 2pk 
				",$1.99
,,
Health - ALDI Australia,"
					Dentitex Orbit Toothbrush 2pk 
				",$2.99
,,
Health - ALDI Australia,"
					Dentitex Mouthwash 1L 
				",$4.19
,,
Health - ALDI Australia,"
					Essential Health Paw Paw Ointment 
				",$2.79
,,
Health - ALDI Australia,"
					Green Action Eucalyptus Oil 100ml 
				",$6.99
,,
Health - ALDI Australia,"
					Hedafen Ibuprofen 24pk 
				",$1.49
,,
Health - ALDI Australia,"
					Hedafen Ibuprofen Liquid Capsules 20pk 
				",$2.39
,,
Health - ALDI Australia,"
					Hedanol Paracetamol Capsule Shaped Tablets 20pk 
				",69
,,
Health - ALDI Australia,"
					Essential Health Effervescents with Vitamins B+C, Calcium, Magnesium & Zinc 
				",$4.49
,,
Health - ALDI Australia,"
					Essential Health Electrolytes 20pk 
				",$5.49
,,
Health - ALDI Australia,"
					Essential Health First Aid Strips Plastic 100pk / Fabric 50pk 
				",$1.99
,,
Health - ALDI Australia,"
					Essential Health Meal Replacement Shakes 
				",$1.99
,,
Health - ALDI Australia,"
					Essential Health Protein Bar 30g 
				",$1.49
,,
Health - ALDI Australia,"
					Onset Chocolate Protein Bars 51g-57g 
				",$2.99
,,
Laundry - ALDI Australia,"
					Trimat Advanced Laundry Liquid 1L – Regular 
				",$3.99
,,
Laundry - ALDI Australia,"
					Trimat Advanced Laundry Liquid 1L – Sensitive 
				",$3.99
,,
Laundry - ALDI Australia,"
					Trimat Advanced Laundry Powder Concentrate 1.5kg – Regular 
				",$5.79
,,
Laundry - ALDI Australia,"
					Trimat Advanced Laundry Powder Concentrate 1.5kg – Colour Care 
				",$5.79
,,
Laundry - ALDI Australia,"
					Trimat Advanced Laundry Powder Concentrate 1.5kg – Sensitive 
				",$5.79
,,
Laundry - ALDI Australia,"
					Almat Laundry Powder Concentrate 2kg 
				",$4.99
,,
Laundry - ALDI Australia,"
					Almat Laundry Liquid Concentrate 2L 
				",$3.99
,,
Laundry - ALDI Australia,"
					Di San Pre Wash Stain Remover 500ml – Degreaser 
				",0
,,
Laundry - ALDI Australia,"
					Di San Laundry Sanitiser 1L          
				",$3.69
,,
Laundry - ALDI Australia,"
					Anco Soft Fabric Softener 4x Concentrate 1L 
				",$3.59
,,
Laundry - ALDI Australia,"
					Anco Soft Fabric Softener Concentrate 250ml            
				",99
,,
Laundry - ALDI Australia,"
					Anco Soft Fabric Softener 2L                
				",$2.79
,,
Laundry - ALDI Australia,"
					Green Action Laundry Liquid 1L 
				",$1.99
,,
Laundry - ALDI Australia,"
					Green Action Wool Wash 1L 
				",$1.99
,,
Laundry - ALDI Australia,"
					Laundrite Laundry Liquid 2L 
				",$1.49
,,
Laundry - ALDI Australia,"
					Laundrite Laundry Powder 4kg 
				",$3.69
,,
Household - ALDI Australia,"
					Power Force Gel Toilet Discs 75ml 
				",$4.99
,,
Household - ALDI Australia,"
					Power Force Anti Bac Plus Surface Spray Disinfectant 300g 
				",$3.69
,,
Household - ALDI Australia,"
					Logix Complete Dishwashing Tablets 30pk 
				",$4.29
,,
Household - ALDI Australia,"
					Logix Platinum Dishwashing Tablets 40pk 
				",$7.69
,,
Household - ALDI Australia,"
					Atlas Kill & Protect High Performance Surface & Cockroach Spray 350g 
				",$2.69
,,
Household - ALDI Australia,"
					Atlas Kill & Protect Fast Knockdown Flying Insect Spray 300g 
				",$2.39
,,
Household - ALDI Australia,"
					Power Force Pro Multi Purpose Cleaner 750ml 
				",$1.79
,,
Household - ALDI Australia,"
					Power Force Pro Bath & Shower Cleaner 750ml 
				",$2.39
,,
Household - ALDI Australia,"
					Power Force Pro Heavy Duty Cleaner 1.25L 
				",$2.19
,,
Household - ALDI Australia,"
					Tandil Ultra Dishwashing Liquid 450ml 
				",$1.59
,,
Household - ALDI Australia,"
					Power Force Pro Disinfectant Wipes 120pk 
				",$2.99
,,
Household - ALDI Australia,"
					Confidence Samson Paper Towel 3ply 3pk 
				",$2.99
,,
Household - ALDI Australia,"
					Confidence Toilet Tissue Hypoallgerenic 4ply 8pk   
				",$3.99
,,
Wine - ALDI Australia,"
					Villa Elsa Piemonte DOC Rosso 2018 750ml 
				",$6.99
,,
Wine - ALDI Australia,"
					Blackstone Paddock Barossa Valley Shiraz 750ml 
				",$17.99
,,
Wine - ALDI Australia,"
					Blackstone Paddock “The Player” Barossa Valley Shiraz 750ml 
				",$12.99
,,
Wine - ALDI Australia,"
					The Tudor Central Victorian Shiraz 750ml 
				",$12.99
,,
Wine - ALDI Australia,"
					A.C. Byrne & Co McLaren Vale Shiraz 750ml 
				",$9.99
,,
Wine - ALDI Australia,"
					One Road South Australia & Heathcote Shiraz 750ml 
				",$7.49
,,
Wine - ALDI Australia,"
					Taylors Special Release Clare Valley Shiraz 750ml 
				",$14.99
,,
Wine - ALDI Australia,"
					Small Talk Shiraz 1L 
				",$5.99
,,
Wine - ALDI Australia,"
					Precious Earth Shiraz  750ml 
				",$2.99
,,
Wine - ALDI Australia,"
					Blackstone Paddock Margaret River Cabernet Sauvignon 750ml 
				",$17.99
,,
Wine - ALDI Australia,"
					Vinology McLaren Vale Organic Cabernet Sauvignon 750ml 
				",$11.99
,,
Wine - ALDI Australia,"
					Block 129 Cabernet Sauvignon 750ml 
				",0
,,
Wine - ALDI Australia,"
					The Pond Cabernet Sauvignon 750ml 
				",$6.99
,,
Wine - ALDI Australia,"
					The Venturer Series Durif 750ml 
				",$8.99
,,
Wine - ALDI Australia,"
					Coraggioso Nero D’Avola 750ml 
				",$5.99
,,
Wine - ALDI Australia,"
					Luis Felipe Edwards Classic Carménère 750ml 
				",0
,,
Wine - ALDI Australia,"
					Piedra Negra Argentinian Malbec 750ml 
				",$10.99
,,
Wine - ALDI Australia,"
					El Toro Macho Reserva 750ml 
				",$8.99
,,
Wine - ALDI Australia,"
					Château Les Maurins Bordeaux Cabernet Sauvignon & Merlot 750ml 
				",$9.99
,,
Wine - ALDI Australia,"
					The Tudor Yarra Valley Pinot Noir 750ml 
				",$12.99
,,
Wine - ALDI Australia,"
					Kaiora Bay Reserve Central Otago Pinot Noir 750ml 
				",$14.99
,,
Wine - ALDI Australia,"
					One Road Goulburn Valley & King Valley Cabernet Merlot 750ml 
				",$7.49
,,
Wine - ALDI Australia,"
					Corte Carista Chianti Superiore DOC 750ml 
				",$10.99
,,
Wine - ALDI Australia,"
					Claire Creek Merlot 750ml 
				",0
,,
Wine - ALDI Australia,"
					Little Birdwood Cabernet Shiraz Merlot 750ml 
				",$4.99
,,
Wine - ALDI Australia,"
					A.C. Byrne & Co Margaret River Cabernet Merlot 750ml 
				",$9.99
,,
Wine - ALDI Australia,"
					El Toro Macho Tempranillo 750ml 
				",$5.99
,,
Wine - ALDI Australia,"
					Pájaro de Buen Agüero Old Vines Garnacha 750ml 
				",$9.99
,,
Wine - ALDI Australia,"
					Little Birdwood Sweet Red 750ml 
				",$4.99
,,
Wine - ALDI Australia,"
					François Lurton La Mule Provence Rosé 750ml 
				",$10.99
,,
Wine - ALDI Australia,"
					South Point Estate Rosé 750ml 
				",$4.99
,,
Wine - ALDI Australia,"
					South Point Estate Pink Moscato 750ml 
				",$4.99
,,
Wine - ALDI Australia,"
					Sandara Sparkling Sangria 750ml 
				",$7.49
,,
Wine - ALDI Australia,"
					Keeper’s Glove Tawny NV 750ml 
				",$4.99
,,
Wine - ALDI Australia,"
					Albertson's Reserve Soft Dry Red Cask 4L 
				",$9.99
,,
Wine - ALDI Australia,"
					Brooke James Vintners Shiraz Cask 2L       
				",$8.99
,,
Wine - ALDI Australia,"
					 Brooke James Vitners Premium Cabernet Merlot Cask 2L   
				",$8.99
,,
Wine - ALDI Australia,"
					A.C. Byrne & Co Margaret River Chardonnay 750ml 
				",$9.99
,,
Wine - ALDI Australia,"
					Precious Earth Chardonnay 750ml 
				",$2.99
,,
Wine - ALDI Australia,"
					One Road Chardonnay 750ml 
				",$7.49
,,
Wine - ALDI Australia,"
					Second Left Adelaide Hills Sauvignon Blanc 750ml 
				",$7.99
,,
Wine - ALDI Australia,"
					South Point Estate Sauvignon Blanc 750ml 
				",$4.99
,,
Wine - ALDI Australia,"
					Kaiora Bay Marlborough Sauvignon Blanc 750ml 
				",$9.99
,,
Wine - ALDI Australia,"
					Loire Valley Sauvignon Blanc 750ml 
				",$8.49
,,
Wine - ALDI Australia,"
					Neve Marlborough Sauvignon Blanc 750ml 
				",$6.49
,,
Wine - ALDI Australia,"
					Kaiora Bay Reserve Marlborough Sauvignon Blanc 750ml 
				",$12.99
,,
Wine - ALDI Australia,"
					A.C. Byrne & Co Margaret River Sauvignon Blanc Semillon 750ml 
				",$7.99
,,
Wine - ALDI Australia,"
					Little Birdwood Semillon Sauvignon Blanc 750ml 
				",$4.99
,,
Wine - ALDI Australia,"
					Precious Earth Semillon Sauvignon Blanc 750ml 
				",$2.99
,,
Wine - ALDI Australia,"
					Freya & Jules Watervale, Clare Valley Riesling 750ml 
				",$8.99
,,
Wine - ALDI Australia,"
					Villa Elsa Pinot Grigio DOC Delle Venezie 750ml 
				",$6.99
,,
Wine - ALDI Australia,"
					The Pond Pinot Grigio 750ml 
				",$6.99
,,
Wine - ALDI Australia,"
					South Point Estate Pinot Grigio 750ml 
				",$4.99
,,
Wine - ALDI Australia,"
					South Point Estate Moscato 750ml 
				",$4.99
,,
Wine - ALDI Australia,"
					Brooke James Vintners Semillon Sauvignon Blanc Cask 2L   
				",$8.99
,,
Wine - ALDI Australia,"
					Albertson's Reserve Soft Fruity White Cask 4L 
				",$9.99
,,
Wine - ALDI Australia,"
					Albertson's Reserve Crisp Dry White Cask 4L 
				",$9.99
,,
Beer & Cider - ALDI Australia,"
					Storm Brewing Co. Premium Light Lager 6 x 330mL 
				",$7.99
,,
Beer & Cider - ALDI Australia,"
					Storm Brewing Co. Premium Super Dry Beer 6 x 330mL 
				",$9.99
,,
Beer & Cider - ALDI Australia,"
					Fraser Briggs Premium Lager 6 x 330mL 
				",$9.99
,,
Beer & Cider - ALDI Australia,"
					Cape Cyan Natural Blonde Beer 6 x 330mL 
				",$9.99
,,
Beer & Cider - ALDI Australia,"
					Sainte Etienne Premium Lager 6 x 330mL 
				",$8.99
,,
Beer & Cider - ALDI Australia,"
					Rivet Gold 12pk 
				",$12.99
,,
Beer & Cider - ALDI Australia,"
					North of Nowhere Pale Ale 12 x 330mL 
				",$18.99
,,
Beer & Cider - ALDI Australia,"
					Storm Brewing Co. Premium Light Lager 24 x 330mL 
				",$24.99
,,
Beer & Cider - ALDI Australia,"
					Carlton Dry 12 x 330ml       
				",$24.99
,,
Beer & Cider - ALDI Australia,"
					Coopers Original Pale Ale 12 x 375mL   
				",$26.99
,,
Beer & Cider - ALDI Australia,"
					Corona Lager 12 x 355mL    
				",$26.99
,,
Beer & Cider - ALDI Australia,"
					Rivet Lager 24 x 330mL 
				",$28.99
,,
Beer & Cider - ALDI Australia,"
					Sainte Etienne Premium Lager 24 x 330mL 
				",$32.99
,,
Beer & Cider - ALDI Australia,"
					Fraser Briggs Premium Lager 24 x 330mL 
				",$34.99
,,
Beer & Cider - ALDI Australia,"
					Cape Cyan Natural Blonde Beer 24 x 330mL 
				",$34.99
,,
Beer & Cider - ALDI Australia,"
					Storm Brewing Co. Premium Super Dry Beer 24 x 330mL 
				",$35.99
,,
Beer & Cider - ALDI Australia,"
					Renberg Apple Cider 500mL  
				",$2.99
,,
Beer & Cider - ALDI Australia,"
					Storm Brewing Co. Apple Cider 10 x 375mL             
				",$16.99
,,
Beer & Cider - ALDI Australia,"
					Devil’s Orchard Apple Cider 6 x 330mL
				",$9.99
,,
Beer & Cider - ALDI Australia,"
					Devil's Orchard Pear Cider 6 x 330mL  
				",$9.99
,,
Beer & Cider - ALDI Australia,"
					Somersby Apple Cider 10 x 330mL
				",$19.99
,,
Beer & Cider - ALDI Australia,"
					 Renberg Swedish Pear Cider 500mL 
				",$2.99
,,
Beer & Cider - ALDI Australia,"
					Leo Imported Lager 12 x 330mL 
				",$18.99
,,
Champagne & Sparkling - ALDI Australia,"
					Monsigny Champagne Brut NV 750ml 
				",$22.99
,,
Champagne & Sparkling - ALDI Australia,"
					Veuve Olivier French Sparkling Wine NV 750ml 
				",$7.49
,,
Champagne & Sparkling - ALDI Australia,"
					South Point Estate Sparkling Chardonnay Pinot Noir NV 750ml 
				",$4.99
,,
Champagne & Sparkling - ALDI Australia,"
					Corte Carista La Cortellina 750ml 
				",0
,,
Champagne & Sparkling - ALDI Australia,"
					Corte Carista Prosecco DOC NV 750ml 
				",$9.99
,,
Champagne & Sparkling - ALDI Australia,"
					Yellowglen Chardonnay Pinot Noir & Prosecco 750ml 
				",$7.99
,,
Champagne & Sparkling - ALDI Australia,"
					Claire Creek Sparkling Moscato NV 750ml 
				",$4.49
,,
Champagne & Sparkling - ALDI Australia,"
					Claire Creek Sparkling Moscato Rosa NV 750ml 
				",$4.49
,,
Champagne & Sparkling - ALDI Australia,"
					Vallee Des Secrets Sparkling Cuvee NV 750ml  
				",$12.99
,,
Spirits - ALDI Australia,"
					Highland Earl Blended Scotch Whisky 700ml 
				",$32.99
,,
Spirits - ALDI Australia,"
					Tamova Quadruple Distilled Vodka 700ml 
				",$29.99
,,
Spirits - ALDI Australia,"
					Darley’s London Style Gin 700ml 
				",$29.99
,,
Spirits - ALDI Australia,"
					Highland Black 8YO Blended Scotch Whisky 700ml 
				",$36.99
,,
Spirits - ALDI Australia,"
					Bluegrass Kentucky Bourbon 700ml 
				",$29.99
,,
Spirits - ALDI Australia,"
					Jim Beam Bourbon 700mL 
				",$37.95
,,
Spirits - ALDI Australia,"
					Baroque Brandy 700ml 
				",$29.99
,,
Spirits - ALDI Australia,"
					O’Donnells Irish Country Cream Liqueur 700ml 
				",$13.99
,,
Spirits - ALDI Australia,"
					Bluegrass Kentucky Straight Bourbon Whiskey & Cola 6pk 
				",$17.99
,,
Spirits - ALDI Australia,"
					Striganov Vodka Crush Raspberry 4pk 
				",$9.99
,,
Spirits - ALDI Australia,"
					Striganov Vodka Crush Guava 4pk 
				",$9.99
,,
Spirits - ALDI Australia,"
					Striganov Vodka Crush Lemon Lime 4pk 
				",$9.99
,,
Spirits - ALDI Australia,"
					Striganov Vodka Crush Watermelon 4pk 
				",$9.99
,,
Spirits - ALDI Australia,"
					Baileys Irish Cream 700mL 
				",$28.99
,,
Gluten Free - ALDI Australia,"
					 Gluten Free Penne 500g     
				",$2.29
,,
Gluten Free - ALDI Australia,"
					Gluten Free Corn Flakes 375g 
				",$2.99
,,
Gluten Free - ALDI Australia,"
					Gluten Free Cocoa Puffs 475g 
				",$2.99
,,
Gluten Free - ALDI Australia,"
					Gluten Free Plain Flour 500g         
				",$2.19
,,
Gluten Free - ALDI Australia,"
					Gluten Free Self Raising Flour 500g          
				",$2.19
,,
Gluten Free - ALDI Australia,"
					Gluten Free Spirals 500g  
				",$2.29
,,
Gluten Free - ALDI Australia,"
					Gluten Free Spaghetti 500g       
				",$2.29
,,
Gluten Free - ALDI Australia,"
					Has No Gluten Free Biscuits 180g  
				",$2.29
,,
Gluten Free - ALDI Australia,"
					Has No Gluten Free Coconut Macaroons 160g 
				",$1.99
,,
Olive Oil - ALDI Australia,"
					Just Organic Extra Virgin Olive Oil 500ml         
				",$4.69
,,
Olive Oil - ALDI Australia,"
					Remano Olive Oil / Mild Olive Oil 1L         
				",$5.99
,,
Olive Oil - ALDI Australia,"
					The Olive Tree Australian Extra Virgin Olive Oil Spray 225g       
				",$2.99
,,
Olive Oil - ALDI Australia,"
					The Olive Tree Australian Extra Virgin Olive Oil 1L – Classic 
				",$8.99
,,
Olive Oil - ALDI Australia,"
					The Olive Tree Australian Extra Virgin Olive Oil 3L 
				",$23.99
,,
Olive Oil - ALDI Australia,"
					Remano Extra Virgin Olive Oil 3.78L            
				",$21.99
,,
Olive Oil - ALDI Australia,"
					Cobram Estate  Australia Extra Virgin Olive Oil 500ml        
				",$7.99
,,
Just Organic - ALDI Australia,"
					Just Organic Pasta Sauces 500g 
				",$2.49
,,
Just Organic - ALDI Australia,"
					Just Organic Passata 690g 
				",$2.15
,,
Just Organic - ALDI Australia,"
					 Just Organic Penne Pasta 500g    
				",$1.59
,,
Just Organic - ALDI Australia,"
					Just Organic Baked Beans in Tomato Sauce 420g 
				",99
,,
Just Organic - ALDI Australia,"
					Just Organic Quinoa – White or Tricolour 500g 
				",$6.49
,,
Just Organic - ALDI Australia,"
					Just Organic Green Tea 50pk/75g 
				",$2.49
,,
Just Organic - ALDI Australia,"
					Just Organic Rooibos Tea 50pk/80g 
				",$2.49
,,
Just Organic - ALDI Australia,"
					Just Organic Black Tea 50pk/100g 
				",$2.49
,,
Just Organic - ALDI Australia,"
					Organic Kombucha – Ginger & Lemon 330ml  
				",$2.49
,,
Just Organic - ALDI Australia,"
					Organic Kombucha – Raspberry & Lemon 330ml   
				",$2.49
,,
Just Organic - ALDI Australia,"
					 Just Organic Apple Cider Vinegar 500ml  
				",$3.29
,,
Just Organic - ALDI Australia,"
					Just Organic UHT Milk 1L 
				",$1.79
,,
Just Organic - ALDI Australia,"
					 Just Organic UHT Soy Milk 1L    
				",$1.49
,,
Just Organic - ALDI Australia,"
					Just Organic Natural Yogurt 1kg 
				",$4.99
,,
Just Organic - ALDI Australia,"
					Just Organic Natural Yogurt 500g 
				",$3.49
,,
Just Organic - ALDI Australia,"
					Just Organic Vanilla Bean Yogurt 1kg 
				",$4.99
,,
Just Organic - ALDI Australia,"
					Just Organic Brie 125g 
				",$3.99
,,
Just Organic - ALDI Australia,"
					Just Organic Granola 500g Berry 
				",$4.49
,,
Just Organic - ALDI Australia,"
					Just Organic Granola 500g Coconut & Chia 
				",$4.49
,,
Just Organic - ALDI Australia,"
					 Just Organic Sun-Dried Thompson Seedless Raisins 375g   
				",$3.99
,,
Just Organic - ALDI Australia,"
					Just Organic Extra Virgin Coconut Oil 300g 
				",$3.99
,,
Just Organic - ALDI Australia,"
					Just Organic Natural Coconut Flakes 200g 
				",$3.99
,,
Just Organic - ALDI Australia,"
					Just Organic Toasted Coconut Flakes with Sea Salt 140g 
				",$3.99
,,
Just Organic - ALDI Australia,"
					Just Organic Dark Chocolate with Sea Salt 100g  
				",$2.79
,,
Just Organic - ALDI Australia,"
					 Just Organic Dark Chocolate 100g     
				",$2.79
,,
Just Organic - ALDI Australia,"
					Just Organic Yogurt Assorted Varieties 70g 
				",99
,,
Just Organic - ALDI Australia,"
					Just Organic Yogurt Assorted Varieties 140g 
				",$1.49
,,
Just Organic - ALDI Australia,"
					 Just Organic Extra Virgin Olive Oil 500ml  
				",$4.69
,,
Just Organic - ALDI Australia,"
					Just Organic Free Range Eggs 6 Pack 300g  
				",$3.99
,,
Chocolate - ALDI Australia,"
					Choceur Caramel Filled Milk Chocolate Block 200g 
				",$2.99
,,
Chocolate - ALDI Australia,"
					Choceur Milk & White Chocolate Block 200g 
				",$2.99
,,
Chocolate - ALDI Australia,"
					Choceur Salted Pretzel Chocolate Block 200g 
				",$2.99
,,
Chocolate - ALDI Australia,"
					Choceur Coffee & Cream Chocolate Block 200g 
				",$2.99
,,
Chocolate - ALDI Australia,"
					Choceur Milk Hazelnut Chocolate Block 200g 
				",$2.99
,,
Chocolate - ALDI Australia,"
					Choceur Dark Hazelnut Chocolate Block 200g 
				",$2.99
,,
Chocolate - ALDI Australia,"
					Choceur Fruit & Nut Chocolate Block 200g 
				",$2.99
,,
Chocolate - ALDI Australia,"
					Choceur White Chocolate Block 200g 
				",$2.99
,,
Chocolate - ALDI Australia,"
					Choceur Rum Raisin & Nut Chocolate Block 200g 
				",$2.99
,,
Chocolate - ALDI Australia,"
					Choceur Milk Chocolate Block 200g 
				",$1.99
,,
Chocolate - ALDI Australia,"
					Choceur Dark Chocolate Block 200g 
				",$2.99
,,
Chocolate - ALDI Australia,"
					Choceur Milk Almond Chocolate Block 200g 
				",$2.99
,,
Chocolate - ALDI Australia,"
					Choceur Dark Almond Chocolate Block 200g 
				",$2.99
,,
Chocolate - ALDI Australia,"
					Hazelnut Crème Mini Chocolate Bars 5 x 40g    
				",$2.99
,,
Chocolate - ALDI Australia,"
					Milk Mini Chocolate Bars 5 x 40g
				",$2.99
,,
Chocolate - ALDI Australia,"
					Dark Mini Chocolate Bars 5 x 40g
				",$2.99
,,
Chocolate - ALDI Australia,"
					White Mini Chocolate Bars 5 x 40g
				",$2.99
,,
Chocolate - ALDI Australia,"
					Hazelnut Mini Chocolate Bars 5 x 40g 
				",$2.99
,,
Chocolate - ALDI Australia,"
					Marzipan Mini Chocolate Bars 5 x 40g
				",$2.99
,,
Chocolate - ALDI Australia,"
					White Crisp Mini Chocolate Bars 5 x 40g
				",$2.99
,,
Chocolate - ALDI Australia,"
					Choceur Mountain Bar 100g 
				",$1.99
,,
Coffee - ALDI Australia,"
					Expressi Organic 
				",$5.99
,,
Coffee - ALDI Australia,"
					Expressi Calabrese 
				",$5.99
,,
Coffee - ALDI Australia,"
					Expressi Abruzzo 
				",$5.99
,,
Coffee - ALDI Australia,"
					Expressi La Spezia 
				",$5.99
,,
Coffee - ALDI Australia,"
					Expressi Torino 
				",$5.99
,,
Coffee - ALDI Australia,"
					Expressi Milano 
				",$5.99
,,
Coffee - ALDI Australia,"
					Expressi Reggio 
				",$5.99
,,
Coffee - ALDI Australia,"
					Expressi Renzo 
				",$5.99
,,
Coffee - ALDI Australia,"
					Expressi Decaffi 
				",$5.99
,,
Coffee - ALDI Australia,"
					Expressi Valletta 
				",$5.99
,,
Coffee - ALDI Australia,"
					Expressi Tauro 
				",$5.99
,,
Coffee - ALDI Australia,"
					Expressi Perugia 
				",$5.99
,,
Coffee - ALDI Australia,"
					Expressi Intenzo 
				",$5.99
,,
Coffee - ALDI Australia,"
					Expressi Rich Hot Chocolate  
				",$5.99
,,
Coffee - ALDI Australia,"
					EXPRESSI Multi Beverage Capsule Machine -Titanium 
				",$79.99
,,
Coffee - ALDI Australia,"
					EXPRESSI Milk Frother  
				",$29.99
